<?xml version="1.0" encoding="UTF-8"?>
<!-- Nombre: [Anouar CHouirdi Alouat]
Curso: [Asir]
Fecha: [21/03/2006]
Ejercicio: [Ejercicio1 1; Libros]-->
<empleados>
    <empleado>
        <nombre>Ana</nombre>
        <apellido>García</apellido>
        <edad>30</edad>
        <departamento>Ventas</departamento>
        <cargo>Ejecutiva de Ventas</cargo>
    </empleado>
    <empleado>
        <nombre>Luis</nombre>
        <apellido>Rodríguez</apellido>
        <edad>45</edad>
        <departamento>Finanzas</departamento>
        <cargo>Analista Financiero</cargo>
    </empleado>
    <empleado>
        <nombre>María</nombre>
        <apellido>López</apellido>
        <edad>28</edad>
        <departamento>Marketing</departamento>
        <cargo>Especialista en Redes Sociales</cargo>
    </empleado>
</empleados>
