<?xml version="1.0" encoding="UTF-8"?>
<!-- Nombre: [Anouar CHouirdi Alouat]
Curso: [Asir]
Fecha: [21/03/2006]
Ejercicio: [Ejercicio1 1; Ciudades]-->
<ciudades>
    <ciudad>
        <nombre>Nueva Delhi</nombre>
        <pais continente="Asia">India</pais>
    </ciudad>
    <ciudad>
        <nombre>Lisboa</nombre>
        <pais continente="Europa">Portugal</pais>
    </ciudad>
    <ciudad>
        <nombre>El Cairo</nombre>
        <pais continente="Africa">Egipto</pais>
    </ciudad>
</ciudades>
